"観点","状況","起きる問題","決めた仕様","画面表示","優先度"
"在庫・状態","X-01 端末ID不存在","存在しない端末への貸出が登録される。","ID入力・送信・確定時に存在確認。更新なし。【実装済】","E-01「このIDは存在しません。」","中"
"在庫・状態","X-02 端末がLENT","同じ端末が複数人に貸し出される。","確定時に状態再確認。要求を拒否。【実装済】","E-02「この端末は現在利用中です。別の端末を選択してください。」","高"
"在庫・状態","X-03 REPAIR・DISPOSEDを借りる","使用できない端末が貸し出される。","表示時は選択不可、確定時も拒否。【実装済】","E-03「この端末は利用停止中です。別の端末を選択してください。」","中"
"在庫・状態","X-04 貸出可能0件","端末を選べず、利用者が処理を進められない。","画面取得成功後に件数確認。入力前に案内。【実装済】","E-04「貸出できるPCがありません。」","低"
"在庫・状態","X-05 TABLET・MONITORの値を送信","対象外の機器が貸し出される。","確認・確定時に種別確認。拒否。【実装済】","E-05「貸出対象のノートPCを選択してください。」","中"
"人の状態","X-06 休職・退職者が申し込む","貸出対象外の社員へPCが渡る。","確認・確定時に在籍状態確認。【実装済】","E-07「この社員は貸出対象外のため、貸出できません。」","中"
"人の状態","X-07 社員レコードなし","借用者不明の貸出記録が残る。","借用者指定・確定時に存在確認。【実装済】","E-06「社員情報が見つかりません。社員IDを確認してください。」","中"
"人の状態","X-08 既に1台未返却","1人1台の上限を超える。","確定時に借用者の未返却件数確認。【実装済】","E-08「貸出上限は1人1台です。貸出中のPCを返却してください。」","高"
"人の状態","X-09 許可範囲外の代理操作","許可されていない人が代理操作できる。","確定前に操作主体と借用者の権限確認。【一部実装】代理貸出は全ACTIVE社員に許可するデモ方針。正式な許可範囲はQ-05未決。返却は本人／管理者のみ。","E-18「この操作を行う権限がありません。」","高"
"重複・多重","X-10 同じ端末へ2人が同時申請","双方の状態確認が通り、二重貸出になる。","確定処理で端末確保を直列化。成功は最大1件。【実装済】","E-02「この端末は現在利用中です。別の端末を選択してください。」／最後の1台はE-04「貸出できるPCがありません。」","高"
"重複・多重","X-11 同じ社員が異なる端末を同時申請","端末単位の排他だけでは1人1台を守れない。","借用者単位で上限判定と登録を一体化。【実装済】","E-08「貸出上限は1人1台です。貸出中のPCを返却してください。」","高"
"重複・多重","X-12 確定ボタン連打・二重送信","同じ貸出が複数件登録される。","要求識別子で重複検知。同じ結果を返す。【実装済】","既存完了表示","高"
"重複・多重","X-13 完了後に戻って再確定","完了済みの操作で再登録が起きる。","使用済み要求の結果を照会し再登録しない。【実装済】","既存完了表示","高"
"入力値","X-14 必須値の未入力・空白のみ","必要な情報が欠けた貸出記録が残る。","確認遷移前と確定時に検証。【実装済】","E-09「端末または社員IDを正しく指定してください。」／E-10「返却予定日を有効な日付で入力してください。」／E-11「返却予定日は{当日}から{7日後}までで入力してください。」／E-12「利用目的は空白のみを避け、使用できる文字で1～100文字で入力してください。」","中"
"入力値","X-15 目的が101文字以上","目的の切捨てやDBエラーが起きる。","正規化後の文字数を検証し拒否。【実装済】","E-12「利用目的は空白のみを避け、使用できる文字で1～100文字で入力してください。」","中"
"入力値","X-16 2026/02/30等の存在しない日付","実在しない返却日が保存される。","日付解析時に拒否。自動補正しない。【実装済】","E-10「返却予定日を有効な日付で入力してください。」","中"
"入力値","X-17 返却予定日が過去日・上限超過","期間制限違反や期限判定の誤りが起きる。","確定時の業務日を基準に範囲確認。【実装済】","E-11「返却予定日は{当日}から{7日後}までで入力してください。」","中"
"入力値","X-18 当日・上限ちょうどで判定が不一致","画面とサーバーで受付可否が食い違う。","提出実装の補完案としてJST当日D〜D+7を両端含める。当日・7日後は許可、前日・8日後は拒否。【実装済】","範囲内は確認へ","中"
"入力値","X-19 絵文字・HTML・制御文字で文字化けや実行","文字化けやスクリプト実行が起きる。","文字仕様検証と表示エスケープ。制御文字拒否。【実装済】","通常の文字表示／E-12「利用目的は空白のみを避け、使用できる文字で1～100文字で入力してください。」","高"
"入力値","X-20 選択肢外・桁あふれIDを直接送信","想定外の端末を借りられる、または処理が異常終了する。","サーバーで型・範囲・存在・種別を確認。【実装済】","E-09「端末または社員IDを正しく指定してください。」／E-01「このIDは存在しません。」／E-05「貸出対象のノートPCを選択してください。」","中"
"順序","X-21 借りていない端末を返す","貸出がないのに返却日時や端末状態が更新される。","貸出IDで未返却レコードを確認し更新なし。【実装済】","E-14「返却対象の貸出がないか、すでに返却済みです。貸出状況を確認してください。」","高"
"順序","X-22 返却済みを再返却","返却履歴が上書きされる。","既返却を検知。同じ要求は既存結果、別要求は拒否。【実装済】","完了結果／E-14「返却対象の貸出がないか、すでに返却済みです。貸出状況を確認してください。」","高"
"順序","X-23 貸出中に修理・廃棄へ変更される","端末状態と未返却貸出が矛盾する。","状態変更側で制御する案。返却時は不整合を検知して中止。【一部実装】貸出中の状態変更をDBトリガーで拒否。修理・廃棄管理画面や例外運用は未実装。","E-20「貸出情報を確認できません。情報システム部へお問い合わせください。」","高"
"順序","X-24 古い貸出の返却要求が再貸出後に届く","新しい借用者の貸出を誤って返却する。","貸出IDと未返却条件で限定。新貸出を更新しない。【実装済】","既存結果／E-14「返却対象の貸出がないか、すでに返却済みです。貸出状況を確認してください。」","高"
"時間","X-25 期限超過が放置される","返却の催促が行われず、PCが戻らない。","日次等の判定処理で未返却かつ期限超過を抽出。【一部実装】返却一覧の延滞表示は実装。日次処理・メール送信は宛先と頻度未決のため未実装。","返却一覧に「延滞」を表示。延滞メールは未実装。","中"
"時間","X-26 延滞者が新規に借りる","延滞したまま別のPCを借りられる。","確定時に延滞を検知。返却は許容。【実装済】","E-13「未返却の延滞PCがあります。返却後にお申し込みください。」","中"
"時間","X-27 確認中に日付が変わる","確認時には正しかった日付が確定時には過去日になる。","確定時の業務日で再検証し必要なら入力へ戻す。【実装済】","E-11「返却予定日は{当日}から{7日後}までで入力してください。」：確定日の当日〜7日後の範囲を表示し、修正を促す。","中"
"時間","X-28 月末・1か月先・1週間の境界が曖昧","予約や返却日上限の判定が実装ごとに異なる。","暦月・日数のルールをQ-02・Q-03で統一。【一部実装】実貸出のD〜D+7は実装。将来予約の暦月境界は予約設計が未確定のため未実装。","実貸出は範囲内なら確認へ、範囲外はE-11。将来予約画面は未実装。","中"
"失敗時","X-29 2テーブルの片方更新後に障害","貸出記録と端末状態の片方だけが更新される。","貸出・返却を各1トランザクションにして全体取消。【実装済】","E-15「処理を完了できませんでした。時間をおいて再度お試しください。」","高"
"失敗時","X-30 DB切断・タイムアウト","処理の失敗や結果不明によって再操作が発生する。","未確定が判明した場合のみ失敗通知。確定不明は結果照会。【一部実装】DB例外はロールバックしてE-15。同じ要求の再送は安全。通信結果不明専用のE-16画面・自動照会UIは未実装。","E-15：処理を完了できませんでした。時間をおいて再度お試しください。結果不明専用E-16画面は未実装。","高"
"失敗時","X-31 確定後に応答通信断・セッション失効","利用者が失敗と判断して二重登録する。","再認証後も元の要求結果を取得し再登録しない。【一部実装】要求結果はDBに保存し、同じ要求を再送・元の結果URLを再訪できる。自動再接続・結果一覧UIは未実装。","再ログイン後、元の結果URLで完了結果を表示。認証切れPOSTはE-19。自動照会UIは未実装。","高"
"失敗時","X-32 延滞メール送信失敗","催促が届かず、送信失敗も把握できない。","送信結果を記録し再試行。延滞判定は継続。【未実装】メール基盤・宛先・頻度が未決。送信失敗ログ／再試行キューは今回対象外。","未実装。設計案：運用者向けに送信失敗と再試行状態を表示。","中"
"不正操作","X-33 URL直打ちで確認を省略","確認していない内容で貸出・返却が実行される。","確定時に有効な確認情報を必須化。GETでは更新なし。【実装済】","E-17「確認情報が無効です。申請画面からやり直してください。」","高"
"不正操作","X-34 確認後に端末・借用者・日付を差替え","利用者が確認した内容と登録内容が異なる。","確認済み内容と照合。不一致は再確認へ。【実装済】","E-17「確認情報が無効です。申請画面からやり直してください。」","高"
"不正操作","X-35 他人のIDを指定し権限外操作","他人の貸出を権限なく操作できる。","本人または許可代理かをサーバーで判定。【一部実装】借用者IDによる代理貸出はデモで許可。返却・要求トークンは本人／管理者・操作者で制限。正式な代理範囲は未合意。","E-18「この操作を行う権限がありません。」","高"
"不正操作","X-36 未認証・期限切れ状態から実行","認証がない状態で更新できる。","更新前に認証確認。完了済みなら再ログイン後照会。【実装済】","E-19「ログインの有効期限が切れました。再度ログインしてください。」","高"
